{"cameraMode":{"drawMode":0,"name":"Shaded","section":"Shading Mode"},"sceneLighting":true,"audioPlay":false,"sceneViewState":{"showFog":true,"showMaterialUpdate":false,"showSkybox":true,"showFlares":true,"showImageEffects":true,"showParticleSystems":true},"in2DMode":false,"pivot":{"x":-2.9200000762939455,"y":1.1000001430511475,"z":12.369999885559082},"rotation":{"x":-0.09960976988077164,"y":-0.893488883972168,"z":0.3629029393196106,"w":-0.2452508509159088},"size":515.1334838867188,"orthographic":false}